﻿<NeweggAPIResponse>
  <IsSuccess>true</IsSuccess>
  <OperationType>GetRMAInfo</OperationType>
  <SellerID>A2EU</SellerID>
  <ResponseBody>
    <PageInfo>
      <TotalCount>1</TotalCount>
      <TotalPageCount>1</TotalPageCount>
      <PageIndex>1</PageIndex>
      <PageSize>10</PageSize>
    </PageInfo>
    <RMAInfoList>
      <RMAInfo>
        <RMANumber>21821229</RMANumber>
        <RMAType>2</RMAType>
        <RMATypeDescription>Refund</RMATypeDescription>
        <IssueUser>A2EU</IssueUser>
        <RMADate>02/25/2019 23:24:13</RMADate>
        <RMAStatus>1</RMAStatus>
        <RMAStatusDescription>Open</RMAStatusDescription>
        <OrderNumber>299232884</OrderNumber>
        <OrderDate>01/25/2019 19:30:12</OrderDate>
        <InvoiceNumber>167615205</InvoiceNumber>
        <OrderAmount>0.06</OrderAmount>
        <AvailableRefundAmount>0.00</AvailableRefundAmount>
        <RMAProcessedBy>Seller</RMAProcessedBy>
        <RMANote>
          edit refund rma to 201601211001
          By on 03/11/2019 05:55 AM.
          ""
          edit refund rma to 201601211001
          By on 03/11/2019 05:54 AM.
          ""
          edit refund rma to 201601211001
          By on 03/11/2019 05:49 AM.
          ""
          edit refund rma to 201601211001
          By on 03/11/2019 05:43 AM.
          ""
          edit refund rma to 201601211001
          By on 03/11/2019 05:42 AM.
          ""
          edit refund rma to 201601211001
          By on 03/11/2019 05:40 AM.
          ""
          edit refund rma to 201601211001
          By on 03/11/2019 05:39 AM.
          ""
          edit refund rma to 201601211001
          By on 03/11/2019 05:38 AM.
          ""
          edit refund rma to 201601211001
          By on 03/11/2019 05:38 AM.
          ""
          edit refund rma to 201601211001
          By on 03/11/2019 05:38 AM.
          ""
          edit refund rma to 201601211001
          By on 03/11/2019 05:35 AM.
          ""
          edit refund rma to 201601211001
          By on 03/11/2019 05:35 AM.
          ""
          edit refund rma to 201601211001
          By on 03/11/2019 05:35 AM.
          ""
          edit refund rma to 201601211001
          By on 03/11/2019 05:33 AM.
          ""
          edit refund rma to 201601211001
          By on 02/25/2019 11:52 PM.
          ""
          API test refund RMA201601061001
        </RMANote>
        <PriorRefundAmount>0.02</PriorRefundAmount>
        <CustomerName>test1 test0.32</CustomerName>
        <CustomerPhoneNumber>432-532-4325EXT45</CustomerPhoneNumber>
        <CustomerEmailAddress>cusa.q7zw1u4erbgt9e@marketplace.newegg.com</CustomerEmailAddress>
        <ShipToAddress1>181 S Central Ave</ShipToAddress1>
        <ShipToAddress2/>
        <ShipToCityName>Los Angeles</ShipToCityName>
        <ShipToStateCode>CA</ShipToStateCode>
        <ShipToZipCode>90012-3912</ShipToZipCode>
        <ShipToCountryCode>UNITED STATES</ShipToCountryCode>
        <ShipToLastName>test0.32</ShipToLastName>
        <ShipToFirstName>test1</ShipToFirstName>
        <ShipToCompany>test32012.test01</ShipToCompany>
        <RMATransactionList>
          <RMATransaction>
            <SellerPartNumber>Test_SP#A2EU_20181108_0003</SellerPartNumber>
            <MfrPartNumber>Test_MP#A2EU181108_3</MfrPartNumber>
            <NeweggItemNumber>9SIA2EU8E43864</NeweggItemNumber>
            <Description>Test_Item Website Short Title A2EU_20181108 00003</Description>
            <UnitPrice>0.02</UnitPrice>
            <ReturnQuantity>1</ReturnQuantity>
            <ReturnUnitPrice>0.02</ReturnUnitPrice>
            <RefundShippingPrice>0.00</RefundShippingPrice>
            <RMAReason>2</RMAReason>
            <RMAReasonDescription>Defective</RMAReasonDescription>
          </RMATransaction>
        </RMATransactionList>
      </RMAInfo>
    </RMAInfoList>
  </ResponseBody>
  <ResponseDate>03/11/2019 06:35:34</ResponseDate>
</NeweggAPIResponse>