﻿{
  "SellerID": "A006",
  "ItemNumber": "9SIA00607Y6476",
  "SellerPartNumber": "A006BSP3",
  "PriceList": {
    "Price": [
      {
        "CountryCode": "USA",
        "Currency": "USD",
        "Active": "0",
        "MSRP": "30.98",
        "MAP": "25.99",
        "CheckoutMAP": "0",
        "SellingPrice": "20.92",
        "EnableFreeShipping": "1"
      },
      {
        "CountryCode": "IND",
        "Currency": "INR",
        "Active": "1",
        "MSRP": "459.98",
        "MAP": "25.99",
        "CheckoutMAP": "0",
        "SellingPrice": "389.92",
        "EnableFreeShipping": "0"
      },
      {
        "CountryCode": "IRL",
        "Currency": "EUR",
        "Active": "0",
        "MSRP": "30.98",
        "MAP": "25.99",
        "CheckoutMAP": "0",
        "SellingPrice": "19.92",
        "EnableFreeShipping": "0"
      }
    ]
  }
}