﻿<NeweggAPIResponse>
  <IsSuccess>true</IsSuccess>
  <OperationType>GetSellerSubcategoryResponse</OperationType>
  <SellerID>A006</SellerID>
  <ResponseBody>
    <CountryCode>USA</CountryCode>
    <SubcategoryList>
      <Subcategory>
        <IndustryCode>AP</IndustryCode>
        <IndustryName>Apparel</IndustryName>
        <SubcategoryID>1508</SubcategoryID>
        <SubcategoryName>
          <![CDATA[Belts & Suspenders]]>
        </SubcategoryName>
        <Enabled>1</Enabled>
      </Subcategory>
      <Subcategory>
        <IndustryCode>AP</IndustryCode>
        <IndustryName>Apparel</IndustryName>
        <SubcategoryID>153</SubcategoryID>
        <SubcategoryName>
          <![CDATA[Buckles]]>
        </SubcategoryName>
        <Enabled>0</Enabled>
      </Subcategory>
    </SubcategoryList>
  </ResponseBody>
</NeweggAPIResponse>