﻿<?xml version="1.0" encoding="utf-8"?>
<NeweggAPIResponse>
  <IsSuccess>true</IsSuccess>
  <OperationType>GetSellerSubcategoryPropertyResponse</OperationType>
  <SellerID>A006</SellerID>
  <ResponseBody>
    <SubcategoryPropertyList>
      <SubcategoryProperty>
        <SubcategoryID>1045</SubcategoryID>
        <SubcategoryName><![CDATA[Costumes]]></SubcategoryName>
        <PropertyName><![CDATA[CostumeBrand]]></PropertyName>
        <IsAdvancedSearch>0</IsAdvancedSearch>
        <IsGroupBy>0</IsGroupBy>
        <IsRequired>0</IsRequired>
      </SubcategoryProperty>
      <SubcategoryProperty>
        <SubcategoryID>1045</SubcategoryID>
        <SubcategoryName><![CDATA[Costumes]]></SubcategoryName>
        <PropertyName><![CDATA[CostumeModel]]></PropertyName>
        <IsAdvancedSearch>0</IsAdvancedSearch>
        <IsGroupBy>0</IsGroupBy>
        <IsRequired>0</IsRequired>
      </SubcategoryProperty>
      <SubcategoryProperty>
        <SubcategoryID>1045</SubcategoryID>
        <SubcategoryName><![CDATA[Costumes]]></SubcategoryName>
        <PropertyName><![CDATA[CostumeGender]]></PropertyName>
        <IsAdvancedSearch>1</IsAdvancedSearch>
        <IsGroupBy>0</IsGroupBy>
        <IsRequired>1</IsRequired>
      </SubcategoryProperty>
      <SubcategoryProperty>
        <SubcategoryID>1045</SubcategoryID>
        <SubcategoryName><![CDATA[Costumes]]></SubcategoryName>
        <PropertyName><![CDATA[CostumeAge]]></PropertyName>
        <IsAdvancedSearch>1</IsAdvancedSearch>
        <IsGroupBy>0</IsGroupBy>
        <IsRequired>1</IsRequired>
      </SubcategoryProperty>
      <SubcategoryProperty>
        <SubcategoryID>1045</SubcategoryID>
        <SubcategoryName><![CDATA[Costumes]]></SubcategoryName>
        <PropertyName><![CDATA[CostumeTheme]]></PropertyName>
        <IsAdvancedSearch>1</IsAdvancedSearch>
        <IsGroupBy>0</IsGroupBy>
        <IsRequired>0</IsRequired>
      </SubcategoryProperty>
      <SubcategoryProperty>
        <SubcategoryID>1045</SubcategoryID>
        <SubcategoryName><![CDATA[Costumes]]></SubcategoryName>
        <PropertyName><![CDATA[CostumeOccasion]]></PropertyName>
        <IsAdvancedSearch>1</IsAdvancedSearch>
        <IsGroupBy>0</IsGroupBy>
        <IsRequired>0</IsRequired>
      </SubcategoryProperty>
      <SubcategoryProperty>
        <SubcategoryID>1045</SubcategoryID>
        <SubcategoryName><![CDATA[Costumes]]></SubcategoryName>
        <PropertyName><![CDATA[CostumeSize]]></PropertyName>
        <IsAdvancedSearch>1</IsAdvancedSearch>
        <IsGroupBy>1</IsGroupBy>
        <IsRequired>1</IsRequired>
      </SubcategoryProperty>
      <SubcategoryProperty>
        <SubcategoryID>1045</SubcategoryID>
        <SubcategoryName><![CDATA[Costumes]]></SubcategoryName>
        <PropertyName><![CDATA[CostumeColor]]></PropertyName>
        <IsAdvancedSearch>1</IsAdvancedSearch>
        <IsGroupBy>1</IsGroupBy>
        <IsRequired>0</IsRequired>
      </SubcategoryProperty>
      <SubcategoryProperty>
        <SubcategoryID>1045</SubcategoryID>
        <SubcategoryName><![CDATA[Costumes]]></SubcategoryName>
        <PropertyName><![CDATA[CostumeMaterial]]></PropertyName>
        <IsAdvancedSearch>0</IsAdvancedSearch>
        <IsGroupBy>0</IsGroupBy>
        <IsRequired>0</IsRequired>
      </SubcategoryProperty>
      <SubcategoryProperty>
        <SubcategoryID>1045</SubcategoryID>
        <SubcategoryName><![CDATA[Costumes]]></SubcategoryName>
        <PropertyName><![CDATA[CostumeCareInstructions]]></PropertyName>
        <IsAdvancedSearch>0</IsAdvancedSearch>
        <IsGroupBy>0</IsGroupBy>
        <IsRequired>0</IsRequired>
      </SubcategoryProperty>
      <SubcategoryProperty>
        <SubcategoryID>1045</SubcategoryID>
        <SubcategoryName><![CDATA[Costumes]]></SubcategoryName>
        <PropertyName><![CDATA[CostumeHistoricalPeriod]]></PropertyName>
        <IsAdvancedSearch>1</IsAdvancedSearch>
        <IsGroupBy>0</IsGroupBy>
        <IsRequired>0</IsRequired>
      </SubcategoryProperty>
      <SubcategoryProperty>
        <SubcategoryID>1045</SubcategoryID>
        <SubcategoryName><![CDATA[Costumes]]></SubcategoryName>
        <PropertyName><![CDATA[CostumeCulture]]></PropertyName>
        <IsAdvancedSearch>1</IsAdvancedSearch>
        <IsGroupBy>0</IsGroupBy>
        <IsRequired>0</IsRequired>
      </SubcategoryProperty>
      <SubcategoryProperty>
        <SubcategoryID>1045</SubcategoryID>
        <SubcategoryName><![CDATA[Costumes]]></SubcategoryName>
        <PropertyName><![CDATA[CostumePattern]]></PropertyName>
        <IsAdvancedSearch>0</IsAdvancedSearch>
        <IsGroupBy>0</IsGroupBy>
        <IsRequired>0</IsRequired>
      </SubcategoryProperty>
      <SubcategoryProperty>
        <SubcategoryID>1045</SubcategoryID>
        <SubcategoryName><![CDATA[Costumes]]></SubcategoryName>
        <PropertyName><![CDATA[CostumeCondition]]></PropertyName>
        <IsAdvancedSearch>0</IsAdvancedSearch>
        <IsGroupBy>0</IsGroupBy>
        <IsRequired>0</IsRequired>
      </SubcategoryProperty>
      <SubcategoryProperty>
        <SubcategoryID>1045</SubcategoryID>
        <SubcategoryName><![CDATA[Costumes]]></SubcategoryName>
        <PropertyName><![CDATA[SubcatCostumeLink]]></PropertyName>
        <IsAdvancedSearch>0</IsAdvancedSearch>
        <IsGroupBy>0</IsGroupBy>
        <IsRequired>0</IsRequired>
      </SubcategoryProperty>
      <SubcategoryProperty>
        <SubcategoryID>1045</SubcategoryID>
        <SubcategoryName><![CDATA[Costumes]]></SubcategoryName>
        <PropertyName><![CDATA[subcatallages]]></PropertyName>
        <IsAdvancedSearch>0</IsAdvancedSearch>
        <IsGroupBy>0</IsGroupBy>
        <IsRequired>0</IsRequired>
      </SubcategoryProperty>
      <SubcategoryProperty>
        <SubcategoryID>1045</SubcategoryID>
        <SubcategoryName><![CDATA[Costumes]]></SubcategoryName>
        <PropertyName><![CDATA[SportsGlobalSportsTeam]]></PropertyName>
        <IsAdvancedSearch>1</IsAdvancedSearch>
        <IsGroupBy>0</IsGroupBy>
        <IsRequired>0</IsRequired>
      </SubcategoryProperty>
      <SubcategoryProperty>
        <SubcategoryID>1045</SubcategoryID>
        <SubcategoryName><![CDATA[Costumes]]></SubcategoryName>
        <PropertyName><![CDATA[SubcatMapping2]]></PropertyName>
        <IsAdvancedSearch>0</IsAdvancedSearch>
        <IsGroupBy>0</IsGroupBy>
        <IsRequired>0</IsRequired>
      </SubcategoryProperty>
      <SubcategoryProperty>
        <SubcategoryID>1045</SubcategoryID>
        <SubcategoryName><![CDATA[Costumes]]></SubcategoryName>
        <PropertyName><![CDATA[CostumeFeature]]></PropertyName>
        <IsAdvancedSearch>0</IsAdvancedSearch>
        <IsGroupBy>0</IsGroupBy>
        <IsRequired>0</IsRequired>
      </SubcategoryProperty>
      <SubcategoryProperty>
        <SubcategoryID>1045</SubcategoryID>
        <SubcategoryName><![CDATA[Costumes]]></SubcategoryName>
        <PropertyName><![CDATA[CostumeCouplesCostume]]></PropertyName>
        <IsAdvancedSearch>1</IsAdvancedSearch>
        <IsGroupBy>0</IsGroupBy>
        <IsRequired>0</IsRequired>
      </SubcategoryProperty>
      <SubcategoryProperty>
        <SubcategoryID>1045</SubcategoryID>
        <SubcategoryName><![CDATA[Costumes]]></SubcategoryName>
        <PropertyName><![CDATA[CostumeSexy]]></PropertyName>
        <IsAdvancedSearch>1</IsAdvancedSearch>
        <IsGroupBy>0</IsGroupBy>
        <IsRequired>0</IsRequired>
      </SubcategoryProperty>
      <SubcategoryProperty>
        <SubcategoryID>1045</SubcategoryID>
        <SubcategoryName><![CDATA[Costumes]]></SubcategoryName>
        <PropertyName><![CDATA[CostumeTVMoviesGames]]></PropertyName>
        <IsAdvancedSearch>1</IsAdvancedSearch>
        <IsGroupBy>0</IsGroupBy>
        <IsRequired>0</IsRequired>
      </SubcategoryProperty>
      <SubcategoryProperty>
        <SubcategoryID>1045</SubcategoryID>
        <SubcategoryName><![CDATA[Costumes]]></SubcategoryName>
        <PropertyName><![CDATA[SportsGlobalSportsLeague]]></PropertyName>
        <IsAdvancedSearch>1</IsAdvancedSearch>
        <IsGroupBy>0</IsGroupBy>
        <IsRequired>0</IsRequired>
      </SubcategoryProperty>
    </SubcategoryPropertyList>
  </ResponseBody>
</NeweggAPIResponse>